<?xml version="1.0" encoding="UTF-8"?>
<project-private xmlns="http://www.netbeans.org/ns/project-private/1">
    <editor-bookmarks xmlns="http://www.netbeans.org/ns/editor-bookmarks/2" lastBookmarkId="0"/>
    <open-files xmlns="http://www.netbeans.org/ns/projectui-open-files/2">
        <group>
            <file>file:/D:/Collage/MCA/Java/SeleniumDemo/src/seleniumdemo/DemoQa.java</file>
            <file>file:/D:/Collage/MCA/Java/SeleniumDemo/src/seleniumdemo/SeleniumDemo.java</file>
            <file>file:/D:/Collage/MCA/Java/SeleniumDemo/src/seleniumdemo/EgovDemo.java</file>
        </group>
    </open-files>
</project-private>
